rating,title,text,recommend,name,fit,itemId,helpful,notHelpful,flag,createdAt
3,assumenda minus qui,Itaque saepe beatae assumenda culpa inventore quis atque. Quidem quam veritatis voluptatem voluptatibus facere non perspiciatis. Qui est in.,true,Orlo,5,1,24,23,false,Sat Jan 06 2018 11:20:01 GMT-0800 (PST)
3,id ut quaerat,Nesciunt error omnis qui rerum temporibus quos enim non. Aut qui eos quidem. Facere ex ut tempora ab. Doloremque qui et distinctio praesentium dicta ipsum a veritatis repellat. Impedit est vel quia voluptas.,true,Rick,2,1,8,39,false,Wed Mar 07 2018 13:39:07 GMT-0800 (PST)
4,est possimus quis,Ab dolores rerum maiores voluptas. Ipsum eos repellat praesentium iusto ut quia deserunt omnis. Iure voluptatem at iusto. Fugiat eos iste expedita porro tempore facilis. Fugit excepturi ab nostrum voluptas et sint quia.,true,Anne,1,1,39,45,false,Thu Jun 15 2017 23:09:13 GMT-0700 (PDT)
5,cupiditate temporibus reprehenderit,Qui officia voluptas molestiae officiis. Repudiandae molestias velit hic. A hic aut officia ex eum nesciunt itaque. Repellendus excepturi soluta provident aliquid eum doloremque. Deserunt dolore pariatur maiores enim et veniam consequuntur.,true,Christopher,2,1,9,46,false,Tue Mar 17 2015 14:42:18 GMT-0700 (PDT)
4,sed voluptatem corrupti,Aliquam autem quam corporis sunt labore aliquid. Quidem quas omnis. Maiores ullam assumenda provident tempore qui inventore. Molestias dolor qui eaque fugiat est fugit aut rerum assumenda. Aut maxime earum fuga et quam aspernatur deleniti consequatur. Necessitatibus error culpa nostrum voluptatem hic voluptatibus aliquam sit.,false,Donald,4,1,23,14,false,Thu Nov 19 2015 18:07:24 GMT-0800 (PST)
2,eius molestiae libero,Ducimus quia est corporis quis voluptatem quos sequi. Ipsa est nemo culpa rerum dolorem perferendis eos inventore. Sint qui quaerat vel necessitatibus ut velit labore.,false,Brendan,4,1,28,5,false,Fri Jul 06 2018 06:37:18 GMT-0700 (PDT)
1,magnam consequatur harum,Reiciendis ducimus doloribus quibusdam reiciendis aut totam delectus atque tempore. Reiciendis dolor voluptatem voluptate at enim. Consequatur tempora sit ducimus consequatur id illo. Unde delectus et omnis provident praesentium expedita quod. Voluptatum numquam odit repellat laudantium voluptatem eos rerum.,true,Sophia,2,1,27,17,false,Thu Sep 06 2018 13:50:53 GMT-0700 (PDT)
1,qui provident error,Atque amet nulla perspiciatis ad ducimus autem unde. Nobis quae rerum. Fuga assumenda consequuntur facilis alias placeat tempora. Rerum praesentium et repellat saepe. Asperiores laborum provident qui inventore.,true,Kiera,5,1,19,5,false,Sat Sep 23 2017 20:15:30 GMT-0700 (PDT)
4,sed sapiente et,Illum laborum voluptatem at tenetur ut officia voluptatem maiores et. Iure labore praesentium quidem magni dolorem accusantium consequatur id. Distinctio dolores quasi temporibus. Deleniti mollitia qui eligendi autem at. Aut ut nemo omnis corporis temporibus architecto velit. Et doloremque nobis voluptatem a dolores at velit quam.,true,Alexanne,5,1,30,45,false,Sat Feb 10 2018 18:17:08 GMT-0800 (PST)
5,saepe dolores est,Commodi quis totam ipsum enim nihil voluptatum. Delectus doloribus voluptate dolor est labore vel sint similique. Impedit omnis amet maiores quo in sed nemo ipsa delectus.,true,Chandler,2,1,40,32,false,Thu Apr 21 2016 05:17:15 GMT-0700 (PDT)
1,amet recusandae id,Sed et delectus aut assumenda repellat nam nostrum nesciunt. Quia consequuntur ut quo. Optio eaque sed voluptas reiciendis eligendi reiciendis et eligendi.,true,Charlene,4,1,29,31,false,Fri Aug 03 2018 23:39:07 GMT-0700 (PDT)
5,aliquid qui similique,Aut quia error magnam totam impedit. Enim molestiae ab. Ut veniam suscipit numquam eos doloribus sit recusandae.,false,Kellen,5,1,25,9,false,Sun Apr 08 2018 16:40:23 GMT-0700 (PDT)
5,rerum tenetur distinctio,Nostrum cum mollitia. Accusantium rerum excepturi animi eos qui quos ducimus voluptatem. Labore eum consequatur voluptatum deleniti enim.,false,Mozelle,2,1,29,0,false,Wed Oct 14 2015 05:58:50 GMT-0700 (PDT)
4,voluptatibus assumenda nobis,Adipisci ut iusto nam commodi quia et quaerat repellendus. Iusto voluptatem rem maxime necessitatibus autem magnam. Sunt est culpa fugit animi pariatur.,false,Verner,3,2,1,47,false,Tue Dec 18 2018 22:01:20 GMT-0800 (PST)
2,consectetur quasi saepe,Quos error numquam. Labore impedit voluptatibus inventore ut molestiae ut vel. Corporis assumenda deserunt.,false,Kenyatta,3,2,25,19,false,Fri May 04 2018 21:34:30 GMT-0700 (PDT)
4,iste sit rem,Ut dignissimos rem in laboriosam vitae et maxime. Adipisci non rerum reiciendis animi. Culpa quia eveniet sit quidem.,true,Harrison,3,3,20,2,false,Tue Aug 04 2015 12:15:50 GMT-0700 (PDT)
1,in quidem sequi,Saepe voluptatem quae et. Excepturi delectus hic asperiores voluptatibus dignissimos modi. Voluptatibus voluptatem id odio facilis molestiae sunt perferendis sit. Cum non ratione et totam repudiandae voluptatum perspiciatis. Dolore necessitatibus cumque voluptas est minus laborum recusandae magni. Eligendi dolorem aliquid ad ut.,false,Dillan,5,3,36,31,false,Sat Oct 17 2015 15:38:01 GMT-0700 (PDT)
3,pariatur ea quis,Repudiandae aut voluptates sed eaque. Dolor voluptas quod cum vel incidunt minus perspiciatis maiores. Quo accusamus voluptas iure non cupiditate iusto. Tenetur sed nisi pariatur temporibus.,true,Orie,1,3,50,1,false,Tue Sep 25 2018 20:18:12 GMT-0700 (PDT)
2,quis quo rerum,Non quam quidem ex omnis iste ea. Aperiam dignissimos rerum est quae. Vel libero sint quaerat.,true,Megane,1,3,34,7,false,Tue Mar 21 2017 05:27:49 GMT-0700 (PDT)
3,harum inventore qui,Esse ipsum error dolor aut. Cupiditate expedita nihil. Adipisci id temporibus odio ut sunt ut.,false,Maryse,5,3,40,50,false,Fri Mar 23 2018 04:25:05 GMT-0700 (PDT)
3,dolorem facilis ut,Sunt ut vel quia numquam distinctio totam mollitia. Rerum itaque occaecati beatae ut. Sint dolorum tenetur totam repudiandae nulla quam.,true,Arlene,1,3,12,30,false,Sat Nov 12 2016 23:07:19 GMT-0800 (PST)
4,vel eum enim,Hic doloremque provident incidunt occaecati. Nesciunt temporibus sed quia quia natus expedita rerum. Minus maiores rerum quod sed.,false,Shaun,4,3,3,31,false,Sat Sep 15 2018 19:26:57 GMT-0700 (PDT)
2,fuga perferendis nostrum,Ab sapiente quis. Nam et eveniet non ullam. Error et nobis excepturi rem laudantium maxime. Nihil quia sed aliquam nulla numquam enim cum. Explicabo a sequi et officiis corporis iure odio tempore molestiae. Doloremque dolor aliquid.,true,Valentina,1,3,25,49,false,Mon Aug 24 2015 16:35:32 GMT-0700 (PDT)
4,perferendis et tempora,Quia repudiandae maxime aspernatur placeat fugit eum facere. Ullam assumenda sit et. Impedit expedita totam doloremque. A consequatur aut consequatur.,false,Clarissa,5,3,39,12,false,Sat Jan 13 2018 01:04:24 GMT-0800 (PST)
5,voluptatum veritatis non,Dolor porro cumque recusandae ratione incidunt. Et consequatur cum ut. Ipsam ratione eum sit. Adipisci repellat cupiditate veniam maxime sed placeat repellendus similique. Consequuntur sint minus aut rem voluptatibus.,false,Raymond,1,3,14,19,false,Thu Mar 22 2018 18:27:56 GMT-0700 (PDT)
3,impedit voluptatem soluta,Quas id sit et pariatur ut dicta quia. Magni beatae cum iure voluptate aut assumenda aut et. Perspiciatis veritatis unde occaecati commodi quibusdam mollitia. Itaque consequuntur aspernatur sit tenetur. Et illo iusto et dolor ea labore ut. Aliquam necessitatibus est tempora et et et explicabo.,true,Kamille,3,3,39,4,false,Mon Dec 11 2017 13:42:45 GMT-0800 (PST)
1,iste id esse,Non animi ut ut eum minus. Aut ipsum ad eum. Maxime aut eum. Reprehenderit laboriosam similique quas dolorem quae dolorum ut alias. Et dolorum possimus beatae.,false,Ima,4,4,14,1,false,Mon Feb 01 2016 18:38:49 GMT-0800 (PST)
4,porro reiciendis consectetur,Et minus atque numquam saepe aut quaerat est sit fuga. Incidunt quia voluptate est ea non sint et. Et aut nihil ut omnis tempore voluptatem. Autem non qui. Et labore non tenetur.,false,Deron,1,4,1,9,false,Mon Oct 19 2015 03:41:28 GMT-0700 (PDT)
1,expedita sequi tenetur,Voluptates dignissimos dolores ad natus. Molestiae autem enim corrupti enim. Nisi dolore ullam magnam in qui quos.,false,Kianna,5,4,48,47,false,Mon Apr 03 2017 18:10:11 GMT-0700 (PDT)
1,voluptatibus culpa ullam,Totam reprehenderit nihil. Neque et eos qui. Sit non voluptatem ullam dolorem rem voluptatibus vel odit. Voluptate omnis maxime repellendus consectetur aut ut dolorum fuga minima. Veritatis unde voluptate excepturi sunt sapiente blanditiis dignissimos voluptas a.,true,Evert,2,4,12,6,false,Fri Sep 22 2017 13:30:24 GMT-0700 (PDT)
3,accusantium at repellat,Optio tempore eos. Unde sunt et est pariatur doloremque fugiat delectus. Dolor expedita quia cumque quia a et voluptatibus et. Ab dolores qui aspernatur eum nemo dolore neque. Vel omnis libero dolores ab quibusdam. Minus eveniet voluptatem qui iusto asperiores.,false,Carole,5,4,15,20,false,Fri May 22 2015 03:46:29 GMT-0700 (PDT)
3,vel sed esse,Sapiente veritatis asperiores deleniti culpa atque. Rem praesentium id soluta tempora. Unde suscipit consectetur. Error quia explicabo consequatur dolore. Voluptatem excepturi fuga.,false,Arnaldo,5,4,37,22,false,Thu Aug 20 2015 19:28:22 GMT-0700 (PDT)
1,animi dignissimos debitis,Omnis debitis magnam quibusdam repudiandae eaque voluptate. Odio error porro ducimus eligendi ratione. Dicta qui nobis velit nisi provident quisquam ipsa autem quos.,true,Elena,4,4,12,43,false,Fri Apr 24 2015 21:26:10 GMT-0700 (PDT)
3,voluptate nostrum et,Et tenetur molestias. Et molestiae consequatur dolorum. Est occaecati dolores.,true,Santina,0,4,39,14,false,Thu Mar 12 2015 13:43:54 GMT-0700 (PDT)
4,ex dolor modi,Impedit sint deleniti consectetur perferendis magnam non. Amet ut itaque possimus aut aut eaque facilis qui. Quidem labore ullam occaecati recusandae hic et. Aspernatur accusantium cupiditate laborum deleniti. Sint nesciunt nesciunt omnis rerum esse consequuntur.,false,Abelardo,5,4,41,27,false,Mon Oct 08 2018 19:24:14 GMT-0700 (PDT)
5,cum reprehenderit totam,Perferendis id voluptas deserunt. Autem repellendus sit sunt asperiores. Commodi sint nobis odio doloribus sint voluptates sit sed numquam.,false,Jean,0,4,43,22,false,Tue Jan 22 2019 00:31:27 GMT-0800 (PST)
1,nostrum numquam dolor,Ut officia est. Aut porro possimus ipsam. Accusamus quidem incidunt.,false,Delta,0,4,3,48,false,Wed Apr 06 2016 11:45:41 GMT-0700 (PDT)
4,est ut molestias,Sint quis voluptas odio atque animi nulla omnis doloribus. Exercitationem nam harum odit et dolorem omnis molestiae at. Optio occaecati eum quia voluptatem exercitationem veritatis voluptas laborum quis. Odio quae iusto sapiente sapiente.,false,Mollie,0,4,6,12,false,Mon Nov 06 2017 20:02:31 GMT-0800 (PST)
2,non placeat nisi,Dicta ea in ipsam iste ea et. Non laboriosam at temporibus pariatur quis. Nemo eaque at reiciendis at qui. Libero laboriosam nulla. Placeat mollitia recusandae accusantium quibusdam. Laborum qui maxime dolores eligendi fuga placeat.,true,Malvina,1,4,39,25,false,Thu Aug 30 2018 05:00:05 GMT-0700 (PDT)
3,unde atque distinctio,Unde earum sed fuga aperiam sed quam cumque. Cum dolor nulla tempore praesentium totam sit. Voluptatem voluptatem alias velit illo rerum voluptas. Porro nihil enim voluptates odit beatae vel aut. Nulla nulla temporibus qui architecto velit placeat culpa inventore.,false,Reinhold,3,5,12,2,false,Wed Nov 25 2015 09:28:35 GMT-0800 (PST)
1,aut sed magni,Harum quas quo molestiae modi aperiam temporibus. Vitae id non et reprehenderit exercitationem. Qui commodi dolores. Officia repellat voluptatem nulla sit et. Ipsa praesentium ipsam repudiandae recusandae qui explicabo voluptatibus voluptas.,true,Luisa,4,5,38,46,false,Fri Nov 17 2017 22:34:18 GMT-0800 (PST)
5,aliquid accusantium labore,Aut laudantium et corrupti voluptatem omnis. Veritatis labore laborum est magnam tenetur sunt non delectus. Ut rerum molestias enim maiores harum fuga ea sunt. Vel omnis necessitatibus quis placeat et beatae nam corporis. Quia reiciendis asperiores sapiente praesentium. Impedit exercitationem neque esse expedita similique eum molestias.,true,Larue,1,5,49,5,false,Tue May 16 2017 19:05:36 GMT-0700 (PDT)
5,distinctio iste quis,Et incidunt omnis ab a. Qui iusto dicta autem. Minus velit placeat iste ipsum nesciunt voluptatum.,false,Lenna,0,5,7,39,false,Thu Jun 30 2016 22:15:49 GMT-0700 (PDT)
5,eum nemo tempore,Ratione voluptas id exercitationem officia cumque quae. Totam qui dolores consequatur. Architecto dolorum recusandae consequatur eaque voluptas. Et id repellendus facilis. Saepe tempore quos at quae non sapiente odio asperiores. Deleniti id iure quidem voluptatem quasi qui.,false,Jakayla,3,5,49,38,false,Tue Dec 22 2015 00:47:36 GMT-0800 (PST)
5,nulla dignissimos ea,Facilis voluptatem sit sit harum aspernatur qui et quia alias. Enim nam nobis tempore quam. Aperiam quia esse eaque repudiandae. Consequatur deserunt harum sed.,false,Reagan,3,5,14,40,false,Thu Mar 15 2018 22:26:36 GMT-0700 (PDT)
4,id explicabo error,Ullam quia beatae quia. Quod doloribus sed. Atque similique optio. Sit ipsum sunt et cumque ea. Itaque quis sit. Voluptate vel mollitia tempore.,true,Delia,3,5,43,36,false,Wed Jan 06 2016 01:59:22 GMT-0800 (PST)
2,praesentium facilis doloribus,Sit minus sint eius earum est aliquid. Consequatur facere molestiae quas quis eaque quod. Ducimus rerum asperiores aut sunt ullam soluta asperiores reprehenderit inventore. Ex quidem repellat in suscipit illo nulla unde.,false,Erwin,5,6,22,36,false,Thu Jan 26 2017 11:02:06 GMT-0800 (PST)
5,sunt et omnis,Ipsa et qui voluptates et modi asperiores quia. Et excepturi ut id suscipit a. Qui est illo nihil. Optio aliquam aut.,false,Milford,1,6,46,35,false,Wed Apr 22 2015 01:10:01 GMT-0700 (PDT)
5,quo ullam perspiciatis,Ut illo architecto quia repellendus et ut aut. Provident consequatur et cumque ea perferendis qui et. Quos est officiis in consequatur et eaque nam error.,false,Sean,5,6,50,8,false,Thu Aug 24 2017 15:41:44 GMT-0700 (PDT)
3,voluptate sit sunt,Dolore deserunt officia soluta atque sed earum rerum recusandae rerum. Aut voluptatum sed neque eos quis cupiditate aperiam praesentium. Saepe tempora facere quasi sed consectetur vero consequatur temporibus tempora. Autem eum voluptas quia repudiandae voluptates magni.,true,Lola,5,6,32,24,false,Wed Nov 25 2015 23:06:11 GMT-0800 (PST)
5,quasi eveniet asperiores,Repudiandae impedit commodi exercitationem veniam. Quod nisi dolores ipsum nihil omnis eius et. Repudiandae illum minima non ullam dolorem. Praesentium quam architecto enim magni eum nostrum. Voluptate impedit omnis vel dolorem et fuga et.,true,Ada,5,6,28,44,false,Thu Oct 26 2017 15:46:39 GMT-0700 (PDT)
1,est aspernatur atque,Ad aut iure est. Sequi dignissimos numquam omnis harum. Facilis porro cumque libero distinctio aut quis.,true,Donald,5,6,28,34,false,Fri Mar 16 2018 18:39:01 GMT-0700 (PDT)
1,qui numquam sed,Eum qui ut qui molestiae culpa suscipit. Et accusantium consequatur consequuntur. Ex magnam veniam suscipit fugit.,true,Enid,4,6,25,36,false,Wed Dec 30 2015 15:58:16 GMT-0800 (PST)
4,sit est sunt,Et reprehenderit amet at molestiae aut omnis voluptatem. Molestias mollitia sint a in in. Inventore quo at. Praesentium corporis non dolorum. Velit in quas. Sed facere aut.,true,Kevin,4,6,2,22,false,Sun Aug 06 2017 00:45:00 GMT-0700 (PDT)
5,impedit tempora sint,Praesentium ut incidunt perferendis id voluptas reprehenderit sit quisquam. Quia saepe sequi cupiditate et et sit. Sit maxime deleniti facere vero fuga. Eaque eius dolore placeat eos esse ex. Necessitatibus rerum voluptates quia et ad molestias nesciunt aliquam ut. Voluptates architecto soluta iusto aut ut id vel rem.,false,Davon,2,6,6,0,false,Sat Feb 07 2015 15:14:12 GMT-0800 (PST)
5,molestias odio temporibus,Ratione totam quis velit aliquid est. Quia nobis sed natus quos neque. Est sapiente porro ab ullam voluptatem est minus rerum. Sed ut dolorem. Numquam sint reiciendis.,false,Alexie,2,6,41,50,false,Sun Sep 16 2018 08:19:12 GMT-0700 (PDT)
4,dolores hic perferendis,Dolores vel perferendis magnam aliquid. Cumque alias enim dolorum ipsam blanditiis reiciendis aspernatur facere voluptatem. Iure vel maxime saepe et aliquid possimus est libero cum. Tempore voluptatem recusandae porro asperiores animi. Commodi id rem minus qui magnam. Autem nemo accusamus ad qui ipsa.,false,Keyon,3,6,28,38,false,Thu Jan 14 2016 03:43:45 GMT-0800 (PST)
1,non in sed,Expedita harum est consectetur voluptatibus. Earum dolorum fugiat a quae aperiam qui voluptatibus beatae. Amet quia voluptas autem quam a maxime enim voluptatum reprehenderit. Aut cumque enim. Doloremque maiores quasi sunt maiores nihil soluta omnis aut molestias.,true,Leo,1,6,38,24,false,Mon Feb 26 2018 20:59:31 GMT-0800 (PST)
5,perspiciatis quia cupiditate,Labore temporibus ab eligendi. Culpa harum et. Voluptatibus et molestiae dolorum ut id repellat quia. Eligendi voluptatem dolorem expedita est temporibus voluptas aperiam expedita qui. Doloremque qui voluptas atque rem earum eos. Voluptas reprehenderit deserunt sint nam ratione dolorem dignissimos ut.,true,Deanna,3,6,19,6,false,Mon Oct 15 2018 09:47:49 GMT-0700 (PDT)
3,hic laborum laborum,Iusto est aut neque tenetur unde eum aut. Atque voluptas quia. Illo debitis omnis autem culpa nobis. Maxime aliquam magni placeat vel et velit.,false,Danial,1,6,26,21,false,Mon May 22 2017 16:01:33 GMT-0700 (PDT)
1,praesentium suscipit facilis,Id quos suscipit magnam sint at maxime qui ut quidem. Sed cumque consectetur reprehenderit occaecati repellendus minus enim. Ut est non eveniet voluptatibus ab veritatis. Rerum vel nihil eius quasi iste dignissimos. Enim exercitationem consequuntur non minima velit vitae. Ipsa in vel rerum exercitationem animi occaecati nulla qui.,false,Breanne,4,7,35,25,false,Mon May 09 2016 20:58:49 GMT-0700 (PDT)
5,impedit qui impedit,Est ipsam vel non aut sit rerum tempore similique. Illo nulla eum inventore blanditiis magni blanditiis ab laudantium laudantium. Exercitationem rem repellendus in est amet magni. Saepe perspiciatis quo. Quidem explicabo et. Exercitationem illum asperiores omnis nostrum cum repellat pariatur.,true,Ernest,4,7,49,8,false,Thu May 25 2017 13:02:42 GMT-0700 (PDT)
2,consequatur cum dolor,Aut sunt explicabo qui ratione sit perspiciatis aut et reiciendis. Eligendi laudantium et voluptatem cumque in. Repudiandae nam laborum aspernatur magnam vel voluptatem sed non maxime.,true,Cathryn,4,7,37,14,false,Fri Jan 27 2017 16:13:21 GMT-0800 (PST)
1,nobis quas est,Tempora inventore eveniet asperiores eaque enim dolores eius. Aut nisi esse suscipit illo eos sit sapiente nihil. Quidem provident molestiae earum quibusdam.,true,Rocky,4,7,1,42,false,Sun Oct 16 2016 07:34:28 GMT-0700 (PDT)
3,quis possimus quasi,Architecto nobis voluptatem iusto ut occaecati laudantium quia sit. Ea et eum praesentium iste voluptas. Commodi officia qui incidunt non veniam blanditiis vel sed. Amet eveniet at praesentium ipsa eaque distinctio ad repellendus in. Iusto neque aperiam laudantium est quis.,true,Danika,4,7,0,8,false,Sat Apr 29 2017 15:56:00 GMT-0700 (PDT)
5,nesciunt magnam ratione,Ullam impedit quia quasi quo qui modi distinctio. Exercitationem accusamus dignissimos vel et aliquid voluptatum aliquam nostrum quia. Praesentium itaque ducimus aliquam. Ullam sapiente ut suscipit asperiores in et officiis odit.,true,Elbert,1,7,48,19,false,Mon Jan 04 2016 09:39:20 GMT-0800 (PST)
3,nostrum eum et,Laborum harum nam incidunt sunt eos. Deserunt deserunt dolor. Ipsa impedit itaque quam dolores et dolorem quo nam. Voluptates sed est. Deleniti est laudantium distinctio.,true,Dagmar,4,7,44,43,false,Thu Jun 29 2017 23:17:13 GMT-0700 (PDT)
2,repellendus optio totam,Similique similique quam. Voluptatem sint nemo minus tempora qui quis. Optio in rerum ipsum aliquid id quibusdam. Placeat alias consectetur possimus placeat.,false,Sandra,0,7,50,4,false,Sat Dec 15 2018 19:50:47 GMT-0800 (PST)
2,aut alias nisi,Perspiciatis facere optio exercitationem sint sed quos iste molestiae ut. Rerum rem dolore sit animi ducimus eos. Quidem sed fugit expedita officia eum voluptatem aliquam. Explicabo ut in itaque illum minus ut architecto.,false,Damion,3,7,24,18,false,Wed Aug 19 2015 21:19:23 GMT-0700 (PDT)
3,hic eos eos,Sit dolor eos nobis autem aut praesentium unde. Iure ea eum mollitia at culpa et voluptatem deleniti in. Enim dolorem quia voluptatem id alias aut aliquid corporis et. Impedit qui non molestias non doloremque voluptatem nostrum quia. Sed qui necessitatibus quia fugit enim.,true,Delta,1,7,9,15,false,Wed Apr 01 2015 06:19:12 GMT-0700 (PDT)
5,voluptas exercitationem sed,Amet quos molestiae molestias officiis est labore inventore magnam error. Nihil et aut voluptatem. Eos ad accusamus. Qui ipsa quia nihil omnis illo rerum. Assumenda tempore rem.,false,Franco,3,7,33,50,false,Mon Dec 31 2018 15:40:02 GMT-0800 (PST)
4,illum nostrum eveniet,Eos quo fuga ad sapiente vitae ex quisquam. Beatae suscipit voluptatem id non quam molestiae. Velit sint ullam a vel inventore ab praesentium. Beatae accusantium amet animi et sapiente repellendus. Quis non delectus fugit impedit iste dignissimos dignissimos ipsa.,false,Francisca,2,7,31,8,false,Sat Apr 14 2018 22:12:48 GMT-0700 (PDT)
3,debitis dolores ex,Ut quis minima possimus est sed dolorem quis. Praesentium ab aut voluptatum quos dolor quod facere et. Aut officia et commodi. Ut minus qui autem. Velit illum exercitationem est ducimus tenetur excepturi totam.,true,Keith,5,7,40,15,false,Tue Jan 05 2016 08:03:42 GMT-0800 (PST)
4,recusandae sunt voluptas,Reprehenderit delectus corporis vel non sunt consectetur nihil ut. Qui labore rerum. Voluptatum doloribus fugiat voluptatum. Aut in maxime facere quos in voluptatem ea. Sed veritatis enim aspernatur sit.,false,Adell,2,7,38,10,false,Thu Feb 26 2015 15:07:13 GMT-0800 (PST)
5,vel ullam commodi,Ipsum consequatur culpa. Adipisci voluptatem incidunt debitis quo aspernatur officiis rerum. Labore autem sed nobis quia vel blanditiis magni ipsum. Exercitationem sint qui accusantium est ipsum laboriosam. Soluta nostrum et voluptas.,false,Dakota,3,7,8,29,false,Tue Sep 05 2017 07:55:40 GMT-0700 (PDT)
3,delectus ea autem,Consequuntur rerum id. Sunt at quam. Eius non eligendi error quia occaecati magni atque ut eaque. Exercitationem corporis quibusdam vel dolorem temporibus ut.,true,Carolanne,5,8,20,25,false,Mon Jul 09 2018 22:06:27 GMT-0700 (PDT)
3,quae magni odit,Deserunt vel voluptatibus ab nostrum odit. Quae similique commodi. Maiores possimus aut voluptas. Eos tenetur rem maxime atque est eaque. Nobis odio perferendis repudiandae quia.,true,Gerald,1,8,30,7,false,Tue Nov 07 2017 00:22:28 GMT-0800 (PST)
5,accusantium et ex,Similique perferendis quis quaerat facilis sint numquam et voluptatum. Dolorum porro ea corporis optio qui. Voluptatum rerum voluptatem aut autem eaque voluptatem quos porro velit. Quisquam animi quia. Dolor nulla omnis nesciunt est dolorem quis enim itaque. Blanditiis cupiditate expedita.,true,Trisha,2,8,28,29,false,Sat Nov 24 2018 02:36:28 GMT-0800 (PST)
5,minus ut dolor,Blanditiis deleniti enim quo. Et rerum saepe occaecati accusamus praesentium modi deleniti facilis. Ratione eligendi eum quaerat aliquam culpa optio eos qui eveniet. Non dolorum perspiciatis eligendi assumenda eos. Consequatur maxime neque vitae architecto quo et. Veritatis explicabo ea sed nihil.,true,Kiera,5,8,32,39,false,Thu Aug 02 2018 20:27:26 GMT-0700 (PDT)
1,est quis dignissimos,Optio praesentium dolore nesciunt et. Accusamus dolor deserunt quia sint. Ea dolor voluptatem neque.,true,Roscoe,3,8,44,5,false,Wed Aug 15 2018 09:28:29 GMT-0700 (PDT)
5,a excepturi adipisci,Distinctio nihil eligendi non labore amet. Velit deleniti sit autem. Reiciendis qui consequatur accusamus enim consectetur unde earum sunt voluptas. Voluptas voluptas sed et et quo placeat quis sed. Aut eius voluptatibus nisi dignissimos ipsam eos. Autem consequatur odio aliquid explicabo.,true,Eldridge,3,8,36,9,false,Wed Mar 01 2017 00:03:37 GMT-0800 (PST)
5,dolore aspernatur voluptatum,Dolorem quasi hic numquam dolores id qui veniam. Ut ut aut harum. Minima ducimus at cumque.,true,Liza,5,8,47,18,false,Tue Jun 02 2015 10:05:38 GMT-0700 (PDT)
3,maxime quia ipsum,Ut quos voluptas recusandae alias nobis aut quia. Dolorum unde id vel eveniet et dolorum. Est commodi et dolor hic ut perferendis. Quis accusantium provident.,false,Tyrell,0,8,19,5,false,Sat Aug 13 2016 20:16:06 GMT-0700 (PDT)
1,fugiat eos dicta,Vel id ratione nisi recusandae minima. Blanditiis vel voluptatem. Est iure molestiae itaque aperiam.,false,Moses,3,9,25,42,false,Wed Oct 31 2018 01:19:50 GMT-0700 (PDT)
4,in accusantium minus,Est quo veritatis porro eligendi suscipit. Eum consequatur nobis sit. Quod voluptatum dolores sed explicabo quaerat dolor porro sunt. Exercitationem voluptatem quia.,true,Adrain,2,9,41,34,false,Sat Feb 28 2015 18:16:59 GMT-0800 (PST)
3,et quas quis,Excepturi iste est qui sint ad dolor dolor consequatur enim. Dignissimos fugit consequatur quas ut. Minus iusto laudantium explicabo. Consequatur omnis et qui repudiandae aut sit.,false,Damion,3,9,41,49,false,Sun May 15 2016 21:22:40 GMT-0700 (PDT)
3,qui voluptatem explicabo,Ducimus est velit velit id. Aliquam omnis molestiae sequi minus vel inventore. Voluptatem sunt quas error id suscipit nobis maiores sint beatae. Dolorem cum voluptas sit repellendus mollitia atque occaecati et. Iusto voluptas explicabo dolore repellendus. Illo nobis nulla consequuntur.,true,Mike,3,9,7,37,false,Tue Oct 27 2015 23:13:37 GMT-0700 (PDT)
2,et quia nam,Fugiat architecto aliquid voluptatem eos molestiae delectus consequuntur perspiciatis non. Incidunt aut cupiditate est soluta. Laudantium nesciunt rem vitae sunt numquam voluptatem aut. Esse et quas ab vero. Quo atque autem facere voluptatum. Nisi ducimus ratione.,true,Sim,3,9,10,9,false,Sun Apr 09 2017 20:31:50 GMT-0700 (PDT)
1,autem iure quam,Quia alias tempora aut ipsum nihil. Est iure omnis accusantium. Distinctio quia magni nulla eum maiores eum natus dignissimos. Consectetur eveniet placeat debitis praesentium laudantium maiores aut consequatur.,false,Griffin,5,9,32,19,false,Fri Feb 22 2019 04:28:17 GMT-0800 (PST)
4,laborum debitis rerum,Molestiae aliquid et explicabo neque nostrum voluptatem blanditiis quaerat. Pariatur eos est dolores tenetur vel. Voluptatem iure magni voluptatem possimus natus quibusdam voluptates cum.,false,Leonora,2,10,46,23,false,Thu Feb 11 2016 07:39:56 GMT-0800 (PST)
1,earum iste earum,Temporibus rerum aperiam recusandae consectetur sit nemo deserunt expedita. Consequatur cumque sint porro autem veniam necessitatibus. Voluptatem nisi et voluptatem voluptas perspiciatis. Ex deleniti alias repudiandae. Facilis voluptatem rerum porro nihil qui quod quasi.,true,Clair,0,10,47,39,false,Sat Jun 18 2016 08:18:07 GMT-0700 (PDT)
2,delectus et sed,At earum voluptatem. Deserunt aperiam exercitationem ullam porro rerum. Ipsa corporis libero cumque aspernatur temporibus iusto officia et.,true,Federico,5,10,18,47,false,Thu Mar 12 2015 12:00:25 GMT-0700 (PDT)
3,sit laborum qui,Omnis doloribus veniam quo. Quia et molestias dolorem. Voluptatem aperiam debitis eveniet ea in iure laboriosam. Ea optio et occaecati adipisci dolore alias. In assumenda in non sapiente aut. Aut odio maiores aperiam et.,true,Milford,0,10,47,19,false,Wed Apr 06 2016 15:41:31 GMT-0700 (PDT)
4,quaerat ut enim,Aliquam iure sit et quos rem dolores et voluptatum rerum. Praesentium dolore repellendus error. Quam illo et. Fuga eius in temporibus voluptatem. Molestiae ut quaerat atque dolor incidunt impedit aut.,false,Ashley,1,10,28,10,false,Thu Jun 16 2016 19:05:32 GMT-0700 (PDT)
5,culpa et eveniet,Culpa iusto aut et unde. Vel a et excepturi. Similique deserunt quis eos. Dolor soluta optio. Ipsum quaerat perspiciatis consequatur asperiores nesciunt.,false,Matt,5,10,7,42,false,Thu Apr 16 2015 16:22:56 GMT-0700 (PDT)
4,sunt magni provident,Corrupti quisquam beatae suscipit recusandae quibusdam. Doloribus labore repudiandae modi id pariatur laborum aut cum. Rerum earum quasi dolorem beatae. Ipsum necessitatibus eos beatae recusandae eveniet animi qui. Aut aut nobis accusamus voluptatem veritatis est deserunt et.,true,Audra,3,10,45,23,false,Sat Jul 04 2015 00:35:34 GMT-0700 (PDT)
5,rerum incidunt fuga,Neque et accusamus ratione aut non quisquam ipsam neque laboriosam. Rerum aut nam dolorem voluptas culpa alias quis exercitationem veniam. Sit consectetur cupiditate molestias nulla nihil rerum odio. Cupiditate illo corrupti ut.,false,Hulda,5,10,12,28,false,Thu Jun 22 2017 01:46:14 GMT-0700 (PDT)
3,est aut nemo,Iure atque consequatur aut. Adipisci rerum at voluptas. Molestiae earum ea.,true,Aimee,3,10,4,14,false,Thu Mar 26 2015 12:44:52 GMT-0700 (PDT)
2,et est et,Soluta consequuntur architecto quia mollitia id veritatis doloremque cupiditate. Perferendis sit omnis ut autem voluptatem. Repellat similique velit. Omnis voluptates rerum explicabo expedita voluptatem dignissimos.,true,Quinn,3,10,28,29,false,Fri Sep 29 2017 18:49:09 GMT-0700 (PDT)
3,doloremque sit aut,Non ut eaque. Asperiores impedit magni ut. Consequatur accusantium aut voluptatem nemo consequatur id magni. Soluta inventore placeat hic ab qui veniam consectetur.,true,Adriana,3,10,22,50,false,Sun Jul 09 2017 09:11:38 GMT-0700 (PDT)
1,sit velit magnam,Quae ea velit soluta. Qui consectetur eligendi sint. Numquam omnis omnis et autem inventore laboriosam quod itaque. Et consequatur accusantium ratione neque voluptas ut facere repellat officiis.,true,Camron,0,11,4,14,false,Sat Jun 10 2017 08:03:18 GMT-0700 (PDT)
4,officiis sit perspiciatis,Sed eveniet autem eum et eius. Quas cupiditate quibusdam reprehenderit. Placeat similique rerum quod omnis officiis et qui. Et dolores cupiditate sunt vel veritatis dolorem qui. Molestiae nisi sit sapiente voluptatem reiciendis aut aut.,true,Ulices,0,11,2,23,false,Fri Nov 27 2015 01:47:15 GMT-0800 (PST)
1,voluptate enim consequatur,Nesciunt reprehenderit vel distinctio ad. Et harum ut molestiae odit unde quisquam recusandae iusto. Labore illo eum esse est perferendis. Non nulla neque quos. Porro veniam rem nemo unde corporis.,false,Asia,0,11,10,43,false,Thu Dec 07 2017 22:54:52 GMT-0800 (PST)
2,sunt iure quaerat,Eos voluptatem aperiam nostrum porro. Necessitatibus beatae ducimus ducimus dicta provident expedita qui optio rerum. Similique laboriosam et eaque odio corrupti maiores magni.,true,Sarina,0,11,4,50,false,Sun Aug 06 2017 16:06:10 GMT-0700 (PDT)
3,aut molestiae aperiam,Ea earum ut officia sapiente velit illum. Aliquam possimus suscipit est temporibus sint non. Est minus dolorem ut at. Atque nobis et qui blanditiis animi inventore asperiores. Reiciendis voluptatem et sunt. Vero iure voluptas quo molestias.,true,Leora,5,11,34,37,false,Mon Sep 03 2018 18:54:15 GMT-0700 (PDT)
1,aperiam adipisci soluta,Facilis suscipit rem repudiandae vel maxime. Et aut et repudiandae eaque tempora omnis maxime aperiam. Voluptas non et sunt possimus voluptatibus porro.,true,Laila,4,11,7,0,false,Thu Nov 08 2018 13:12:09 GMT-0800 (PST)
3,atque quisquam delectus,Quia id asperiores voluptatum quod totam. Facilis autem qui modi nulla molestiae dolorum blanditiis explicabo. Voluptatem beatae temporibus temporibus dolores ut. Voluptatem occaecati tempora officia sunt aliquid aut non. Doloribus excepturi ducimus sunt est suscipit ipsum aut. Provident iure cumque totam magni accusamus ut rerum quaerat et.,true,Travis,4,11,7,40,false,Fri Feb 01 2019 09:28:12 GMT-0800 (PST)
2,magni magnam illo,Ut sunt ea id quo nihil et nulla. Perspiciatis quia vel laboriosam vero voluptatem tempore ea. Accusamus consequatur quam enim culpa qui ut sint. Quia dignissimos corrupti est maiores magnam aliquam dolores. Aspernatur amet excepturi excepturi consectetur.,false,Brandt,5,11,36,18,false,Sat May 19 2018 00:09:16 GMT-0700 (PDT)
2,numquam et iste,Ut officia repudiandae in odio quo et ut et. Officiis voluptates velit. Dolores corrupti fugiat totam beatae consequuntur laudantium possimus vero molestiae.,false,Celine,0,12,42,17,false,Thu Aug 20 2015 22:15:11 GMT-0700 (PDT)
3,ex fugit sapiente,Est est quia quo iusto et laborum. Et velit corporis est ducimus labore aut adipisci ut saepe. Est ab eum accusantium incidunt pariatur dolorem quia sed. Sapiente sed asperiores nobis voluptatum. Natus ipsa impedit voluptas alias corporis in sapiente.,false,Jaren,2,12,2,13,false,Wed Feb 24 2016 06:13:32 GMT-0800 (PST)
1,quis dolores minima,Voluptatem est expedita incidunt magnam quam modi accusantium qui. Maiores impedit eum sapiente quod quisquam eligendi rem. Molestiae non necessitatibus libero sunt quibusdam eius ea magnam. Animi aut illo et dolorum quae necessitatibus ut nihil ipsam. Blanditiis similique quia debitis deserunt at et enim commodi.,false,Jamar,0,12,6,25,false,Wed Aug 15 2018 01:16:54 GMT-0700 (PDT)
1,vel laudantium autem,Unde labore atque. Voluptas praesentium voluptatibus ratione provident distinctio. Eum consequatur repudiandae laboriosam dolorum.,true,Sherman,2,12,27,26,false,Mon Sep 05 2016 14:28:59 GMT-0700 (PDT)
5,eos illo perferendis,Fugit quod est quidem. Vel repellendus architecto veritatis facere architecto et. Praesentium mollitia consequuntur hic in et voluptates eligendi dolor. Nobis aliquid doloremque dignissimos eum quaerat reprehenderit possimus quas ratione.,false,Shaylee,3,12,4,46,false,Wed Jun 06 2018 13:51:39 GMT-0700 (PDT)
1,impedit maxime soluta,Voluptas ex modi natus quia voluptatum. Officiis ipsum dolor doloribus beatae. Laboriosam dolores repellat modi eaque architecto eveniet et. Vel delectus consectetur et non ad dolorem. Enim nam eum. Sed qui eum.,true,Helena,4,12,36,35,false,Sat Apr 07 2018 00:45:37 GMT-0700 (PDT)
2,non aspernatur nam,Tempore alias suscipit repellat non cupiditate doloremque iusto rem. Et sit quis praesentium. Animi quia cupiditate consequatur enim architecto. Aperiam molestiae similique. Ab explicabo aut praesentium.,false,Lela,5,12,3,28,false,Tue Jan 09 2018 18:39:34 GMT-0800 (PST)
1,maiores inventore dolor,Perspiciatis quo odio eaque nulla excepturi ex et eos. Et enim sit impedit occaecati. Recusandae quam et qui nobis tempora commodi quia et. Officia autem officia quis. Voluptates ipsa labore sequi qui enim placeat.,false,Eve,1,12,43,36,false,Sun Oct 18 2015 11:58:16 GMT-0700 (PDT)
1,dolores dignissimos velit,Id enim consequatur. Autem aut odio. Doloremque esse dolorum in accusamus voluptatem et omnis saepe minima. Dolor at nisi adipisci officiis qui.,false,Rod,2,12,45,17,false,Wed Oct 07 2015 21:46:55 GMT-0700 (PDT)
3,temporibus suscipit rerum,Aut nesciunt alias facilis voluptatibus sed ullam. Veniam nulla ea hic aut vitae dolor nisi. Aliquid porro corporis. Hic qui vitae ipsa quia commodi.,false,Odell,4,12,41,18,false,Tue Nov 20 2018 10:55:57 GMT-0800 (PST)
3,aut ex placeat,Placeat aut cumque ullam quia. Quia necessitatibus quisquam dolor error dolorem esse. Ut numquam ut fugiat quis. Blanditiis dolore omnis doloribus ad.,false,Bobbie,4,13,7,25,false,Tue Oct 02 2018 21:00:41 GMT-0700 (PDT)
5,ut et possimus,Soluta quam sed libero molestias molestias ea. Laudantium maxime similique earum architecto. Libero aliquid enim eaque qui enim perspiciatis. Molestias quod sint facilis quidem soluta recusandae.,true,Tito,4,13,24,13,false,Tue Apr 14 2015 10:46:09 GMT-0700 (PDT)
5,praesentium sint delectus,Sunt nam cumque id possimus consectetur. Non sed dolores illo. Magni eaque et mollitia tenetur nobis eum voluptatum optio. Ut dolor quo est possimus. Dolorem odit et.,false,Adeline,1,14,22,13,false,Mon Feb 26 2018 04:06:08 GMT-0800 (PST)
1,corporis ipsam ea,Quaerat sint quae aut repudiandae. Aut nisi iure maiores cum voluptates iusto. Consequatur illum illum quasi ipsa praesentium et. Cum provident iste in ipsam doloremque dolore provident atque iure. Illum fugit itaque dolorem beatae. Aut nihil voluptate rerum autem.,false,Wilburn,5,14,0,31,false,Mon Jan 04 2016 13:23:44 GMT-0800 (PST)
5,quibusdam aut aut,Autem sit omnis natus atque. Quae nostrum alias ex. Et dolore inventore harum dicta mollitia deserunt veritatis aut. Ipsam distinctio dignissimos laboriosam consequatur quam.,true,Chloe,5,14,49,16,false,Wed Sep 07 2016 21:28:26 GMT-0700 (PDT)
2,nobis esse qui,Sapiente doloremque ea temporibus quia qui asperiores consequatur veritatis. In quia est ducimus. Enim aliquam sunt. Et molestiae accusantium voluptatem culpa vel omnis eum accusamus. Voluptatem iure voluptatem dolores ipsam. Molestiae harum natus.,true,Sonya,0,14,46,22,false,Sun Oct 25 2015 19:53:34 GMT-0700 (PDT)
5,veritatis voluptatum qui,Natus tenetur deserunt est. Vel et et ut sunt dolor error eum. Qui assumenda blanditiis et iure ea. Vero debitis et molestias et reprehenderit assumenda. Incidunt qui qui vitae. Exercitationem tempore repudiandae ut dolor dignissimos.,false,Emilie,5,14,12,45,false,Sat Jan 07 2017 18:08:59 GMT-0800 (PST)
2,eum ea nemo,Laudantium et qui dolorem ipsum quos molestias distinctio vitae laboriosam. Accusantium pariatur officiis exercitationem aut quae et qui qui. Sequi repellat in quidem quo voluptatem aut nihil autem. Laborum ab quas voluptas autem et autem. Ratione repellat vel eaque recusandae maxime doloremque voluptate numquam beatae.,false,Gilberto,0,14,33,30,false,Sat Nov 12 2016 07:21:29 GMT-0800 (PST)
4,aspernatur voluptas labore,Qui ut aperiam illo voluptatem exercitationem. Ut ut necessitatibus molestiae voluptatum veritatis sapiente molestiae. Officiis alias et exercitationem illum vitae facilis eum quae ipsum. Et rerum voluptatem laborum autem.,false,Corene,1,14,0,9,false,Fri Jan 30 2015 18:53:44 GMT-0800 (PST)
2,perspiciatis et qui,Reprehenderit quo quod iure tempore. Ut est sit rerum asperiores perferendis et quam. Sed incidunt quo nulla velit consequatur sit occaecati qui numquam. Excepturi iusto adipisci sit architecto modi voluptatem eum ipsa soluta.,true,Beryl,0,14,34,47,false,Fri Oct 30 2015 18:43:55 GMT-0700 (PDT)
1,est ea placeat,Sit quia quia iure provident et. Voluptatem non nemo sunt sed. Aliquid assumenda sint dolores.,false,Jonatan,4,14,14,33,false,Thu Oct 12 2017 12:21:20 GMT-0700 (PDT)
4,quae autem dolor,Ipsum pariatur ipsum expedita ab at. Rem iusto consequatur repellendus. Voluptatem eveniet reprehenderit explicabo praesentium sit incidunt soluta doloremque fugit. In corrupti dolores dolorem delectus ut a occaecati maxime.,false,Kenyatta,3,14,6,37,false,Sun Mar 22 2015 12:49:24 GMT-0700 (PDT)
1,dolor omnis aut,Perferendis deserunt et dignissimos quibusdam. Modi qui non voluptatem harum et recusandae porro nemo consequuntur. Molestias sed saepe ex et in. Sed sapiente quas molestiae ea iste debitis. Libero eos ut sed aut veritatis iusto. Et voluptatem facilis itaque nobis.,false,Madisen,2,14,50,30,false,Wed Jul 08 2015 12:29:00 GMT-0700 (PDT)
5,voluptatibus id minima,Autem autem neque amet blanditiis. Ea neque ut qui hic tempora qui nemo. Et quis reiciendis ipsa. Sed non et. In voluptate omnis earum aspernatur nihil sit.,false,Abigayle,1,15,19,18,false,Fri Apr 06 2018 17:42:28 GMT-0700 (PDT)
2,rerum ullam consequatur,Et et voluptas amet quasi quia ut. Qui voluptatem maxime culpa voluptatem quia nihil ab optio voluptas. Et voluptas modi impedit. Non corrupti deleniti assumenda amet. Quisquam a incidunt amet consequuntur natus velit laboriosam. Veritatis possimus aut commodi voluptatem suscipit dolorem delectus eos aut.,true,Flavio,2,15,11,11,false,Wed Aug 30 2017 00:30:12 GMT-0700 (PDT)
2,sunt iste officia,Harum optio quidem. Fugit est similique recusandae sint eum. Et saepe excepturi dolores dignissimos debitis aut. Sunt ratione quaerat. Rerum cum qui cumque corporis esse eveniet. Voluptatum id facilis enim accusantium.,true,Marlene,0,15,44,2,false,Sat Feb 24 2018 10:13:42 GMT-0800 (PST)
3,qui quia minima,Temporibus aperiam eius dolorem fugit dignissimos repudiandae voluptate a. Necessitatibus illum et sunt voluptatem animi dolor. Ipsa voluptas incidunt molestias quis repellat earum pariatur. Eius aut vel beatae tempore quo iste ducimus officia et. Enim non odio quod. Sit qui quas officia voluptas asperiores sit.,false,Darryl,4,15,22,31,false,Tue Oct 27 2015 15:58:52 GMT-0700 (PDT)
3,recusandae doloribus nam,Officiis et laboriosam quibusdam. Et quia atque ipsa qui. Maxime at consequuntur ut sunt deleniti doloribus tenetur. Quam deleniti sed eum id et. Modi quia unde et necessitatibus in porro aut.,false,Mercedes,5,15,16,12,false,Sun Sep 25 2016 10:46:15 GMT-0700 (PDT)
4,maiores minima non,Harum omnis doloribus nesciunt harum neque. Nesciunt cumque doloremque repellendus mollitia voluptatum nihil fuga earum. Impedit hic rerum. Quam aliquid earum eaque qui dicta omnis sed tempora.,true,Zoey,0,15,31,49,false,Sat Nov 21 2015 21:02:54 GMT-0800 (PST)
3,illum beatae autem,Ipsum officia deleniti dolorum optio est voluptate exercitationem. Nesciunt debitis nemo. Exercitationem dolores libero rerum nam placeat totam voluptate optio. Est et et quae libero est molestiae. Sunt dolor nam. Accusamus quis ullam maiores corrupti consequatur vel rem.,true,Shanelle,4,15,38,41,false,Sat Apr 01 2017 23:45:18 GMT-0700 (PDT)
5,quo quia exercitationem,Qui possimus rerum voluptatem similique officiis iusto quod architecto beatae. Rerum quae temporibus sit maxime alias cumque. Similique eius hic assumenda voluptate iste est saepe.,false,Eve,1,15,22,35,false,Fri May 13 2016 06:15:31 GMT-0700 (PDT)
5,labore natus et,Similique aperiam eum et aut sint ipsum molestiae aut architecto. Asperiores necessitatibus eaque perferendis ipsa et quod. Quis inventore necessitatibus eum ea soluta dolor corrupti in aut. Eum tempora nostrum quam laudantium rerum vero hic suscipit nostrum. Et consequatur non reiciendis sit. Eius voluptas pariatur nesciunt velit voluptate aut non.,true,Crystel,5,15,35,5,false,Wed Jan 24 2018 23:45:46 GMT-0800 (PST)
3,aut quibusdam pariatur,Et qui natus totam a placeat praesentium quod. Cumque repellendus id adipisci labore eaque et voluptates. Laboriosam voluptas dignissimos. Veniam cum sit quidem possimus sed. Ut enim aut esse non porro. Aut iste minima consectetur.,false,Tanner,1,16,38,11,false,Fri Oct 20 2017 06:42:33 GMT-0700 (PDT)
4,tempore quisquam voluptate,Numquam autem aliquam asperiores excepturi voluptas delectus ut dolorum. Qui beatae voluptas enim quam cum deserunt eum ab et. Placeat rem voluptates voluptate vel. Nihil nesciunt rerum ut totam ut quis delectus odit. Rem similique atque.,true,Eloy,1,16,20,1,false,Sun Apr 26 2015 18:43:26 GMT-0700 (PDT)
5,molestias eveniet nobis,Quibusdam commodi cupiditate iste suscipit. Dolores nam accusamus neque est magnam occaecati ut laboriosam. Velit est dolores.,false,Concepcion,0,16,29,5,false,Tue Apr 03 2018 21:52:04 GMT-0700 (PDT)
2,sit dolores recusandae,Numquam rem qui molestiae ut harum sunt dolorem vel eligendi. Delectus delectus sit. Vero ea cumque.,true,Olen,1,16,27,9,false,Thu Oct 04 2018 19:17:46 GMT-0700 (PDT)
4,sed reiciendis quia,Sapiente nisi autem consequuntur. Sed atque hic ex sed possimus. Molestiae delectus sed. Ab hic omnis dolores nihil. Quae voluptatum exercitationem ut asperiores magnam rerum autem explicabo. Quis a rerum ex ut qui.,true,Annetta,0,16,2,9,false,Sat Apr 01 2017 22:26:45 GMT-0700 (PDT)
3,sit aut praesentium,Dignissimos quaerat nobis iure eveniet voluptate et voluptatem animi. Molestiae iure consequuntur vel et distinctio sunt. Eius officiis et ut suscipit laudantium et velit.,false,Tyra,5,16,42,34,false,Thu Jul 09 2015 16:36:30 GMT-0700 (PDT)
2,reprehenderit provident laboriosam,Aut totam suscipit animi consequatur deleniti ullam asperiores eum. Provident iste blanditiis quia et qui voluptas suscipit similique. Consequatur repellat explicabo totam sit ab consequatur tempore.,true,Dave,4,16,27,16,false,Tue Aug 23 2016 17:32:34 GMT-0700 (PDT)
1,et cupiditate quo,Laboriosam vitae eaque veniam mollitia facere sit. Et velit libero dolor sint. Provident et quidem.,true,Dillon,5,16,6,3,false,Thu Jun 29 2017 08:15:28 GMT-0700 (PDT)
4,sint ut quia,Molestias accusamus quod incidunt. Aut aut id et sed. Dolorum quod quia fugit voluptas est placeat non. Deleniti rerum consequatur voluptas culpa quidem quisquam voluptatem. Facere voluptas excepturi voluptate consectetur ea mollitia. Et nostrum quis occaecati qui aspernatur dolorem.,true,Hobart,3,16,7,42,false,Sat Jun 13 2015 02:17:32 GMT-0700 (PDT)
4,et sunt ut,Quos voluptatem quia est voluptas explicabo. Sequi accusantium non maiores excepturi facere nostrum. Voluptates eius odio dicta fugiat aspernatur animi ratione est iusto.,false,Lew,4,17,27,34,false,Wed Jul 15 2015 02:44:31 GMT-0700 (PDT)
4,nisi doloribus adipisci,At ex sit iure ea quia impedit voluptates quo. Asperiores enim laboriosam aut reiciendis quo soluta totam explicabo et. Illo et quis neque autem repellat nulla facilis. Ea reiciendis sed consequatur consequuntur tenetur dolorem recusandae minus animi.,true,Mike,4,17,36,49,false,Thu Nov 09 2017 07:50:48 GMT-0800 (PST)
2,nemo assumenda necessitatibus,Reprehenderit modi voluptates nobis delectus praesentium. Sed aliquam atque alias et fugiat nam quaerat. Id eos quo itaque ipsa laudantium numquam.,false,Melany,4,17,44,2,false,Sat Jun 13 2015 06:14:45 GMT-0700 (PDT)
2,ipsam vitae explicabo,Aut aliquam deserunt deserunt. Quas quia natus facilis. Qui facere aperiam minus totam.,true,Stacy,3,17,42,12,false,Fri Apr 10 2015 21:47:10 GMT-0700 (PDT)
2,in consequatur omnis,Veniam earum nihil. In ipsam quidem omnis dolor suscipit. Sint eum soluta est illo. Beatae voluptates incidunt et veritatis libero quasi quia. Dolor facere laborum molestiae sit impedit suscipit necessitatibus. Accusantium repudiandae corporis cupiditate consequatur cupiditate sed modi.,false,Esmeralda,4,17,12,28,false,Sun May 03 2015 03:44:36 GMT-0700 (PDT)
4,aut aut accusamus,Occaecati sapiente doloribus alias voluptatem eligendi facere. Veniam et libero. Et aut consequatur modi sunt sapiente modi omnis fugit. Libero laudantium maxime culpa aperiam laudantium corrupti. Quia distinctio est est sint accusantium expedita asperiores aut optio.,false,Josue,4,17,35,1,false,Sun Jan 27 2019 21:20:45 GMT-0800 (PST)
4,qui quia nemo,Culpa dignissimos minima. Consequuntur aperiam consequuntur. Quasi culpa itaque dolorum voluptatem. Sit nulla quasi sit quaerat eaque aut cum soluta.,false,Rebeka,1,17,22,12,false,Wed Sep 28 2016 05:05:03 GMT-0700 (PDT)
4,repudiandae explicabo delectus,Quidem temporibus ut repellendus doloribus dolorum voluptatem. Sint et est blanditiis dicta dolore id quod. Eos rerum omnis sed consequatur maiores rerum. Expedita numquam magnam architecto qui tempore quae quidem totam. Ad et possimus sit ex.,false,Dariana,5,17,14,29,false,Mon Sep 07 2015 08:34:14 GMT-0700 (PDT)
1,ut rem incidunt,Asperiores ad consequatur nesciunt alias aut et quia assumenda doloremque. Pariatur molestiae quia inventore eum natus tenetur est. Odit aut et ut.,true,Victoria,4,18,12,22,false,Sat Jan 23 2016 10:04:13 GMT-0800 (PST)
2,quia qui quia,Possimus numquam voluptatem. Quasi nisi eligendi. Quaerat aut aut eum. Dignissimos aut tempora consectetur molestias beatae.,false,Remington,1,18,17,8,false,Sun Apr 08 2018 08:48:01 GMT-0700 (PDT)
5,et voluptas minima,Cupiditate architecto consequatur fugit voluptatum sint sed facere molestias. Ea non molestias quibusdam natus esse vel non. Et et quia laboriosam.,true,Marian,1,18,18,15,false,Sat Feb 13 2016 18:26:24 GMT-0800 (PST)
4,voluptatibus debitis aut,Doloremque necessitatibus quis veritatis occaecati. Quia in molestiae. Eum voluptatem ut voluptates repudiandae incidunt rerum a. Culpa non explicabo.,false,Ramiro,5,18,29,26,false,Thu Apr 20 2017 10:53:27 GMT-0700 (PDT)
3,inventore quas quis,Eum dolorem consequatur ut. Similique quidem cupiditate sapiente hic corporis. Illo ratione amet.,false,Vivianne,3,18,34,11,false,Mon Mar 14 2016 19:18:00 GMT-0700 (PDT)
1,qui ab ut,Vitae nesciunt excepturi id et asperiores voluptas quia. Nesciunt quidem officia doloribus. Sit et nemo voluptatem distinctio perspiciatis assumenda commodi.,false,Aida,4,18,39,38,false,Tue Oct 09 2018 18:01:16 GMT-0700 (PDT)
1,consequatur tempora architecto,Ipsam accusamus animi. Dolores amet est. Saepe reiciendis quae. Cumque excepturi quisquam sed ut nam exercitationem enim quasi accusantium. Eaque quos eos. Vero qui aliquid sed et quod quam.,false,Van,4,18,18,49,false,Sat Oct 13 2018 21:00:47 GMT-0700 (PDT)
4,distinctio consequuntur voluptas,Ullam aliquid officiis omnis porro nemo. Quos tenetur et mollitia eum minima unde esse voluptas. Dolores impedit nesciunt omnis sapiente veniam et non labore error.,true,Polly,3,18,9,35,false,Sat Dec 24 2016 02:48:12 GMT-0800 (PST)
3,incidunt voluptatem quae,Laboriosam doloremque sint deserunt ipsum fugiat voluptas dolor voluptate. Voluptas est cupiditate reiciendis blanditiis modi dolore. Ut consequatur asperiores qui non quia.,false,Bartholome,3,18,24,23,false,Fri Sep 14 2018 09:39:13 GMT-0700 (PDT)
5,doloribus et tempore,Doloremque amet cum. Rem est autem quisquam aperiam suscipit vel sit dolor perspiciatis. Dolores rerum expedita.,false,Christina,1,18,11,7,false,Fri May 26 2017 20:50:19 GMT-0700 (PDT)
4,veritatis soluta quibusdam,Architecto voluptate tenetur vero corrupti incidunt dolorem autem iure unde. Libero et veritatis pariatur et reprehenderit quia iusto. Quo maxime maiores dolore dolores exercitationem quaerat consequatur nulla. Et odio molestiae. Et sint ut vitae.,false,Danyka,0,18,0,18,false,Wed Sep 19 2018 04:31:41 GMT-0700 (PDT)
4,tempora voluptatem dolores,Vel iste consequatur facere. Asperiores est fuga dolorem aliquid autem quos sequi laboriosam consequuntur. Laborum voluptatem ipsum veritatis autem necessitatibus nesciunt non. Et praesentium facere vel molestiae ut minus est optio. Qui maiores quas aspernatur iusto animi doloremque labore.,true,Griffin,5,18,17,19,false,Tue Aug 01 2017 07:42:42 GMT-0700 (PDT)
4,rem ut debitis,Possimus dolor animi deleniti veniam. Est nulla id expedita quo praesentium occaecati. Ex delectus dignissimos et aliquam. Dolorem libero et impedit eum odio repudiandae. Ut voluptatem ipsam maxime doloribus enim quia occaecati et. Iure cupiditate eligendi rerum odit dolores exercitationem sed.,true,Jarret,1,18,9,26,false,Fri Dec 07 2018 07:42:39 GMT-0800 (PST)
3,sit in laborum,Quia nulla ab quaerat vero culpa eum sit perferendis consequuntur. Et sed suscipit quisquam dignissimos perferendis dolorem molestiae iusto eligendi. Expedita fugiat possimus qui.,true,Tracy,1,18,33,38,false,Fri Oct 19 2018 11:55:25 GMT-0700 (PDT)
4,veniam voluptate ea,Pariatur corrupti sed voluptate aut sunt quae labore nisi. Facere excepturi quo esse odio. Nisi ea aut fugit rerum et sequi nostrum eaque. Dicta dicta voluptatibus facilis doloribus in sed. Accusamus aspernatur voluptas ab et. Magnam ad saepe fuga temporibus aut.,true,Zakary,3,18,29,49,false,Fri Dec 30 2016 12:15:48 GMT-0800 (PST)
5,rerum ipsa voluptas,Adipisci quae quaerat quia maxime occaecati ut qui quia. Quam eius quis esse ut sed facere tempore earum labore. Praesentium adipisci officiis unde dolor tempora. Cupiditate necessitatibus tempora porro non debitis. Molestiae fugiat quas facilis reiciendis et neque distinctio.,true,Ryleigh,0,19,27,46,false,Tue Jul 25 2017 18:10:42 GMT-0700 (PDT)
1,magnam eligendi sed,Ea aut veniam incidunt dolore. Ducimus id consectetur amet ea qui repellendus consectetur repellat. Ut adipisci vero dolorem.,true,Dante,4,19,9,38,false,Fri May 04 2018 05:26:15 GMT-0700 (PDT)
3,quasi consectetur incidunt,Aut doloremque neque in ipsa nihil eos. Et ipsum omnis magnam repudiandae fuga libero harum quam fugit. Quia a ex voluptatem modi fugiat corrupti sint ut. Veritatis totam veniam magnam aliquid enim non. Optio iusto perferendis iste et repudiandae accusamus blanditiis illum. Repellat vel accusantium ab.,false,Emily,1,19,34,19,false,Mon Dec 25 2017 02:45:25 GMT-0800 (PST)
5,accusamus impedit voluptatibus,Voluptatibus illo illo quia. Omnis eaque placeat et. Tenetur ipsam consequatur.,false,Maurine,1,19,22,15,false,Wed Apr 18 2018 11:17:59 GMT-0700 (PDT)
5,eos in perspiciatis,Perferendis eius eos molestiae illo voluptatem sed. Repudiandae explicabo et magni necessitatibus quidem. Adipisci quidem ut nemo. Sit et voluptate culpa rerum ratione. Quas cum laudantium est.,true,Ivah,5,19,21,38,false,Thu May 05 2016 23:37:13 GMT-0700 (PDT)
2,consequuntur occaecati fugit,Neque id quod ducimus sed expedita ut culpa sapiente. Eos laboriosam officiis tenetur consequatur ipsum. Iure blanditiis adipisci.,false,Katelin,3,19,35,16,false,Sat Jan 26 2019 06:24:30 GMT-0800 (PST)
4,ea temporibus minus,Recusandae ut omnis earum repellat qui est perferendis. Nihil dolorum in. Ea nam quasi distinctio voluptatem perferendis dolor nemo sunt. Est doloribus non aut sit excepturi et consequatur totam temporibus. Eos illum rerum qui nihil aut adipisci ut quia.,true,Candice,3,19,15,10,false,Mon Nov 28 2016 03:09:59 GMT-0800 (PST)
4,et cupiditate quia,Iusto aut enim mollitia quia. Aut et consectetur tempora vel eaque neque est. Doloribus excepturi aut reprehenderit eveniet itaque illum rerum.,true,Adolfo,1,19,50,3,false,Sat Apr 01 2017 15:02:38 GMT-0700 (PDT)
3,rerum sed quidem,Ab perferendis unde rerum vel. Ducimus accusamus qui vel quia qui. Et voluptas exercitationem rem delectus voluptatem enim. Rerum aut repellendus doloremque repellat cum. Earum ut ducimus autem dolorem magnam et quis nihil. Maiores commodi omnis occaecati quas at omnis numquam distinctio voluptatem.,false,Mossie,1,19,31,14,false,Fri Nov 23 2018 19:22:56 GMT-0800 (PST)
3,sint possimus commodi,Exercitationem enim magni ratione quibusdam nulla et et molestiae tempora. Nobis magnam nulla dolor facere vero sit voluptates inventore nam. Quisquam modi eos sunt et. Est saepe itaque nobis dolor unde vero et. Consequuntur esse ea vel nulla reiciendis quas enim fugiat recusandae. Necessitatibus omnis voluptatem corporis ut velit esse ut sequi ipsam.,true,Jaylon,1,20,48,29,false,Mon Dec 31 2018 05:20:09 GMT-0800 (PST)
2,corporis architecto et,Tempora sunt quod mollitia delectus harum. Qui voluptas iusto veritatis. Sit autem tempora sunt adipisci. Veritatis cumque sequi recusandae eligendi quasi et. Animi asperiores possimus aut dolores blanditiis non doloribus eos. Minus est rerum temporibus repellendus perspiciatis et eius sequi.,true,Julius,0,20,12,0,false,Sat Nov 24 2018 22:17:38 GMT-0800 (PST)
5,voluptas qui itaque,Unde sunt accusamus assumenda vitae eos sint accusantium ut inventore. Maxime quo id. Libero nihil autem aut. Illo in sit voluptatibus iure voluptatem et qui. Qui consequatur qui alias error voluptas quas dolorem.,true,Vaughn,2,20,37,48,false,Sun Sep 04 2016 06:51:26 GMT-0700 (PDT)
4,odit fugiat sed,Laborum qui unde. Ut ipsam adipisci sint amet aperiam veritatis nesciunt. Nam rem aut et dolorem fugit sint necessitatibus nam natus. Maiores quod rerum.,false,Elenora,2,20,48,12,false,Thu Sep 13 2018 02:05:03 GMT-0700 (PDT)
4,et quia vitae,Et animi et eum autem iusto dicta quia. Dolore inventore ipsa quaerat aut iusto eos tempora. Dolores nihil qui vero sit aut voluptatem placeat sunt aperiam.,true,Willie,2,20,33,12,false,Sun May 22 2016 16:10:59 GMT-0700 (PDT)
1,error enim non,Omnis quo qui inventore officia ipsum. Aut rerum natus. Qui perspiciatis possimus sunt nihil. Nesciunt et earum iusto dolorem unde modi numquam aut.,false,Felix,3,20,28,39,false,Wed Jan 20 2016 05:40:31 GMT-0800 (PST)
5,dolorem ut ipsum,Culpa suscipit repellendus dolore sed voluptates sit ut. Minima vitae vel. Odit iusto autem consequuntur aut eaque quia qui qui. Rem repellat et ipsum autem eum commodi beatae. Est aliquid quaerat ut deserunt corrupti aut laborum. Sunt possimus autem corrupti vitae nulla nihil temporibus iure aut.,true,Jarred,5,20,22,43,false,Fri Mar 23 2018 23:17:39 GMT-0700 (PDT)
3,sed tempore et,Fugit possimus expedita quia quia voluptatem qui deserunt cumque. Iste debitis sint. Itaque quam adipisci.,true,Berniece,5,20,37,35,false,Fri Feb 24 2017 00:06:57 GMT-0800 (PST)
4,dolores beatae dolores,Tempora ipsam excepturi enim nostrum. Quisquam eveniet blanditiis veniam quia. Et ut maxime optio aperiam molestias reprehenderit. Quaerat dolores itaque velit eos in qui. Est consequatur quisquam sint in. Dolores voluptatem aliquam.,false,Betty,4,20,30,33,false,Fri Jan 30 2015 15:38:36 GMT-0800 (PST)
4,et et ea,Blanditiis eum quasi rem ex sit voluptatem nobis quae. Inventore omnis sint placeat numquam corporis perspiciatis quod ea. Sit similique et perspiciatis sint cumque vero. In et et illo deleniti nisi.,true,Alexandro,5,20,27,15,false,Thu Dec 24 2015 01:26:36 GMT-0800 (PST)
3,repellat illum architecto,Ipsam nisi aperiam perferendis et harum nisi itaque non quae. Qui enim temporibus voluptatem. Suscipit est aut.,true,Ryder,5,20,23,27,false,Sun Jan 28 2018 03:52:50 GMT-0800 (PST)
5,perspiciatis reprehenderit harum,Molestiae distinctio est cum eius odit a adipisci aliquid. Dolore culpa repellendus cumque ipsum accusantium quo itaque aspernatur eius. Cum iure illo ab.,true,Haylee,0,20,5,1,false,Wed Mar 16 2016 20:35:10 GMT-0700 (PDT)
